O/F,c*_m/s,Tc_K,Isp_vac_s_eps6,Isp_SL_s_eps6,gamma_chamber,MW_g/mol,cp_kJ/kg-K,mu_millipoise,Pr,rho_Isp_s-g/cc
1.00,1108.6,1216,192.35,172.71,1.1585,13.858,2.1189,0.4347,0.6195,142.7
1.10,1125.6,1242,195.21,175.27,1.1656,14.096,1.9139,0.4445,0.6168,144.1
1.20,1141.2,1268,197.80,177.58,1.1733,14.341,1.7114,0.4538,0.6132,145.3
1.30,1155.7,1295,200.17,179.70,1.1817,14.592,1.5189,0.4626,0.6083,146.4
1.40,1169.2,1322,202.36,181.65,1.1906,14.845,1.3416,0.4713,0.6022,147.4
1.50,1182.0,1350,204.40,183.46,1.2001,15.102,1.1823,0.4799,0.5948,148.4
1.60,1194.2,1379,206.32,185.17,1.2100,15.361,1.0429,0.4885,0.5862,149.3
1.70,1205.9,1410,208.14,186.78,1.2201,15.623,0.9239,0.4973,0.5769,150.1
1.80,1217.3,1442,209.88,188.32,1.2299,15.889,0.8248,0.5062,0.5674,150.9
1.90,1228.5,1476,211.55,189.79,1.2393,16.158,0.7442,0.5153,0.5584,151.7
2.00,1239.4,1510,213.16,191.21,1.2478,16.430,0.6803,0.5244,0.5504,152.5
2.10,1250.3,1546,214.72,192.57,1.2553,16.706,0.6305,0.5337,0.5438,153.2
2.20,1261.0,1582,216.23,193.89,1.2616,16.985,0.5922,0.5430,0.5388,153.9
2.30,1271.7,1618,217.69,195.16,1.2667,17.265,0.5629,0.5522,0.5354,154.6
2.40,1282.2,1654,219.11,196.40,1.2708,17.546,0.5406,0.5612,0.5332,155.3
2.50,1292.5,1690,220.48,197.59,1.2739,17.826,0.5234,0.5701,0.5321,156.0
2.60,1302.7,1725,221.82,198.74,1.2762,18.106,0.5099,0.5787,0.5316,156.6
2.70,1312.7,1759,223.11,199.86,1.2778,18.384,0.4989,0.5871,0.5316,157.3
2.80,1322.4,1793,224.36,200.94,1.2789,18.660,0.4897,0.5953,0.5318,157.9
2.90,1331.8,1825,225.58,201.99,1.2796,18.934,0.4817,0.6031,0.5321,158.5
3.00,1340.9,1857,226.75,203.00,1.2799,19.205,0.4746,0.6107,0.5323,159.1
3.10,1349.6,1890,227.88,203.98,1.2954,19.445,0.4637,0.6186,0.5303,159.6
3.20,1361.9,1952,229.34,205.22,1.3024,19.587,0.4396,0.6344,0.5216,160.4
3.30,1378.9,2023,231.21,206.79,1.2985,19.832,0.4372,0.6521,0.5226,161.5
3.40,1394.9,2091,233.22,208.51,1.2940,20.079,0.4371,0.6694,0.5236,162.6
3.50,1409.9,2157,235.27,210.30,1.2896,20.323,0.4375,0.6860,0.5236,163.8
3.60,1423.7,2220,237.34,212.12,1.2852,20.561,0.4384,0.7021,0.5225,165.1
3.70,1436.6,2281,239.40,213.95,1.2808,20.794,0.4396,0.7176,0.5202,166.4
3.80,1448.6,2339,241.44,215.78,1.2765,21.022,0.4413,0.7325,0.5168,167.6
3.90,1459.8,2396,243.40,217.55,1.2723,21.245,0.4433,0.7469,0.5125,168.9
4.00,1470.3,2450,245.28,219.24,1.2680,21.462,0.4459,0.7607,0.5074,170.0
4.10,1480.2,2502,247.06,220.85,1.2638,21.675,0.4489,0.7741,0.5018,171.1
4.20,1489.4,2552,248.75,222.37,1.2596,21.883,0.4523,0.7870,0.4958,172.2
4.30,1498.0,2600,250.33,223.80,1.2555,22.086,0.4563,0.7994,0.4895,173.2
4.40,1506.1,2646,251.83,225.15,1.2513,22.284,0.4608,0.8113,0.4833,174.1
4.50,1513.8,2690,253.24,226.43,1.2472,22.477,0.4658,0.8229,0.4773,175.0
4.60,1521.0,2732,254.58,227.64,1.2430,22.665,0.4714,0.8339,0.4716,175.8
4.70,1527.7,2773,255.84,228.78,1.2389,22.849,0.4776,0.8446,0.4663,176.5
4.80,1534.1,2812,257.04,229.86,1.2348,23.028,0.4845,0.8548,0.4616,177.3
4.90,1540.1,2849,258.17,230.89,1.2307,23.203,0.4921,0.8646,0.4575,178.0
5.00,1545.7,2884,259.24,231.86,1.2265,23.373,0.5005,0.8740,0.4541,178.6
5.10,1551.0,2918,260.26,232.79,1.2224,23.538,0.5096,0.8830,0.4514,179.2
5.20,1556.0,2950,261.23,233.67,1.2182,23.699,0.5197,0.8917,0.4495,179.8
5.30,1560.7,2981,262.14,234.50,1.2141,23.856,0.5307,0.8999,0.4483,180.3
5.40,1565.1,3009,263.01,235.29,1.2100,24.008,0.5427,0.9077,0.4479,180.9
5.50,1569.2,3036,263.84,236.05,1.2059,24.156,0.5557,0.9151,0.4482,181.4
5.60,1573.0,3062,264.62,236.76,1.2018,24.299,0.5698,0.9222,0.4492,181.8
5.70,1576.6,3086,265.37,237.44,1.1978,24.438,0.5849,0.9288,0.4508,182.3
5.80,1579.8,3108,266.07,238.09,1.1939,24.572,0.6011,0.9351,0.4529,182.7
5.90,1582.9,3129,266.74,238.70,1.1901,24.703,0.6182,0.9409,0.4556,183.1
6.00,1585.6,3148,267.37,239.29,1.1864,24.828,0.6363,0.9464,0.4586,183.4
6.10,1588.0,3165,267.97,239.84,1.1828,24.950,0.6551,0.9515,0.4619,183.8
6.20,1590.2,3181,268.53,240.36,1.1794,25.067,0.6746,0.9563,0.4654,184.1
6.30,1592.1,3196,269.06,240.86,1.1762,25.181,0.6946,0.9607,0.4690,184.4
6.40,1593.8,3210,269.55,241.32,1.1732,25.290,0.7149,0.9648,0.4727,184.7
6.50,1595.1,3222,270.02,241.76,1.1704,25.396,0.7352,0.9685,0.4763,185.0
6.60,1596.2,3233,270.45,242.18,1.1678,25.497,0.7555,0.9719,0.4798,185.2
6.70,1597.1,3242,270.85,242.56,1.1654,25.595,0.7754,0.9751,0.4831,185.5
6.80,1597.6,3251,271.22,242.93,1.1632,25.690,0.7948,0.9779,0.4863,185.7
6.90,1598.0,3258,271.57,243.26,1.1612,25.781,0.8136,0.9805,0.4892,185.9
7.00,1598.1,3265,271.88,243.57,1.1594,25.869,0.8315,0.9828,0.4919,186.0
7.10,1598.0,3271,272.16,243.86,1.1577,25.954,0.8485,0.9849,0.4944,186.2
7.20,1597.7,3276,272.42,244.12,1.1562,26.036,0.8644,0.9868,0.4966,186.3
7.30,1597.2,3280,272.65,244.36,1.1549,26.115,0.8792,0.9885,0.4986,186.5
7.40,1596.5,3284,272.85,244.57,1.1537,26.191,0.8929,0.9900,0.5005,186.6
7.50,1595.7,3287,273.02,244.76,1.1526,26.265,0.9053,0.9913,0.5021,186.7
7.60,1594.8,3289,273.17,244.92,1.1516,26.336,0.9166,0.9925,0.5036,186.7
7.70,1593.7,3291,273.29,245.06,1.1507,26.405,0.9267,0.9935,0.5050,186.8
7.80,1592.5,3292,273.38,245.18,1.1500,26.472,0.9357,0.9944,0.5062,186.8
7.90,1591.3,3293,273.45,245.27,1.1493,26.537,0.9435,0.9952,0.5073,186.9
8.00,1589.9,3294,273.49,245.33,1.1487,26.600,0.9503,0.9958,0.5084,186.9
8.10,1588.5,3294,273.50,245.37,1.1481,26.660,0.9560,0.9963,0.5094,186.8
8.20,1587.0,3294,273.49,245.38,1.1476,26.719,0.9608,0.9968,0.5103,186.8
8.30,1585.4,3293,273.45,245.37,1.1472,26.776,0.9646,0.9971,0.5112,186.8
8.40,1583.8,3292,273.38,245.33,1.1469,26.832,0.9676,0.9973,0.5121,186.7
8.50,1582.1,3291,273.28,245.26,1.1465,26.886,0.9697,0.9975,0.5129,186.6
8.60,1580.4,3290,273.15,245.16,1.1463,26.938,0.9712,0.9976,0.5138,186.5
8.70,1578.7,3288,272.99,245.03,1.1460,26.989,0.9719,0.9976,0.5146,186.3
8.80,1576.9,3286,272.81,244.88,1.1459,27.038,0.9720,0.9976,0.5154,186.2
8.90,1575.1,3284,272.59,244.69,1.1457,27.086,0.9715,0.9975,0.5162,186.0
9.00,1573.3,3282,272.35,244.48,1.1456,27.133,0.9704,0.9973,0.5171,185.8
9.10,1571.5,3280,272.08,244.24,1.1455,27.179,0.9689,0.9971,0.5179,185.6
9.20,1569.6,3277,271.78,243.98,1.1454,27.223,0.9669,0.9969,0.5187,185.3
9.30,1567.8,3274,271.47,243.70,1.1454,27.266,0.9644,0.9966,0.5196,185.1
9.40,1565.9,3272,271.14,243.40,1.1453,27.308,0.9616,0.9962,0.5205,184.8
9.50,1564.1,3269,270.80,243.09,1.1453,27.349,0.9585,0.9959,0.5213,184.6
9.60,1562.2,3266,270.44,242.77,1.1454,27.389,0.9550,0.9954,0.5222,184.3
9.70,1560.3,3263,270.08,242.44,1.1454,27.427,0.9512,0.9950,0.5231,184.0
9.80,1558.4,3259,269.70,242.10,1.1455,27.465,0.9472,0.9945,0.5241,183.7
9.90,1556.5,3256,269.32,241.75,1.1455,27.502,0.9430,0.9940,0.5250,183.4
10.00,1554.6,3253,268.94,241.40,1.1456,27.538,0.9385,0.9935,0.5259,183.1
10.10,1552.7,3249,268.55,241.04,1.1457,27.573,0.9339,0.9929,0.5269,182.8
10.20,1550.8,3246,268.15,240.68,1.1459,27.607,0.9291,0.9923,0.5279,182.5
10.30,1549.0,3242,267.76,240.32,1.1460,27.641,0.9241,0.9917,0.5289,182.2
10.40,1547.1,3239,267.36,239.95,1.1461,27.674,0.9190,0.9911,0.5299,181.9
10.50,1545.2,3235,266.96,239.59,1.1463,27.705,0.9138,0.9904,0.5309,181.6
10.60,1543.3,3231,266.55,239.22,1.1465,27.736,0.9086,0.9897,0.5319,181.3
10.70,1541.5,3227,266.15,238.85,1.1466,27.767,0.9032,0.9891,0.5329,181.0
10.80,1539.6,3223,265.75,238.48,1.1468,27.796,0.8977,0.9884,0.5340,180.7
10.90,1537.7,3220,265.35,238.11,1.1470,27.825,0.8922,0.9876,0.5350,180.4
11.00,1535.9,3216,264.94,237.74,1.1472,27.854,0.8866,0.9869,0.5360,180.1
11.10,1534.0,3212,264.54,237.37,1.1474,27.881,0.8810,0.9862,0.5371,179.8
11.20,1532.2,3208,264.14,237.00,1.1477,27.908,0.8754,0.9854,0.5382,179.5
11.30,1530.4,3204,263.74,236.63,1.1479,27.935,0.8697,0.9846,0.5392,179.2
11.40,1528.5,3200,263.34,236.26,1.1481,27.961,0.8640,0.9839,0.5403,178.9
11.50,1526.7,3196,262.94,235.90,1.1484,27.986,0.8584,0.9831,0.5414,178.6
11.60,1524.9,3192,262.54,235.53,1.1487,28.011,0.8527,0.9823,0.5425,178.3
11.70,1523.1,3187,262.14,235.17,1.1489,28.035,0.8470,0.9815,0.5436,178.0
11.80,1521.3,3183,261.75,234.80,1.1492,28.058,0.8413,0.9806,0.5447,177.7
11.90,1519.5,3179,261.36,234.44,1.1495,28.081,0.8356,0.9798,0.5458,177.4
12.00,1517.7,3175,260.97,234.08,1.1497,28.104,0.8300,0.9790,0.5469,177.1
12.10,1516.0,3171,260.58,233.73,1.1500,28.126,0.8243,0.9782,0.5480,176.8
12.20,1514.2,3167,260.19,233.37,1.1503,28.148,0.8187,0.9773,0.5491,176.5
12.30,1512.5,3162,259.81,233.02,1.1506,28.169,0.8131,0.9765,0.5502,176.2
12.40,1510.7,3158,259.42,232.66,1.1509,28.190,0.8076,0.9756,0.5513,175.9
12.50,1509.0,3154,259.04,232.31,1.1512,28.210,0.8021,0.9747,0.5524,175.6
12.60,1507.2,3150,258.66,231.97,1.1515,28.230,0.7966,0.9739,0.5536,175.4
12.70,1505.5,3146,258.29,231.62,1.1519,28.249,0.7911,0.9730,0.5547,175.1
12.80,1503.8,3141,257.91,231.28,1.1522,28.268,0.7857,0.9721,0.5558,174.8
12.90,1502.1,3137,257.54,230.94,1.1525,28.287,0.7804,0.9713,0.5569,174.5
13.00,1500.4,3133,257.17,230.60,1.1528,28.305,0.7751,0.9704,0.5580,174.2
13.10,1498.7,3129,256.80,230.26,1.1532,28.323,0.7698,0.9695,0.5591,174.0
13.20,1497.0,3124,256.44,229.92,1.1535,28.340,0.7646,0.9686,0.5603,173.7
13.30,1495.4,3120,256.08,229.59,1.1539,28.357,0.7594,0.9677,0.5614,173.4
13.40,1493.7,3116,255.72,229.26,1.1542,28.374,0.7543,0.9668,0.5625,173.2
13.50,1492.0,3112,255.36,228.93,1.1546,28.390,0.7492,0.9659,0.5636,172.9
13.60,1490.4,3107,255.00,228.60,1.1549,28.406,0.7442,0.9651,0.5647,172.6
13.70,1488.7,3103,254.65,228.28,1.1553,28.422,0.7393,0.9642,0.5658,172.4
13.80,1487.1,3099,254.30,227.96,1.1556,28.437,0.7344,0.9633,0.5670,172.1
13.90,1485.5,3095,253.95,227.64,1.1560,28.452,0.7295,0.9624,0.5681,171.9
14.00,1483.9,3090,253.61,227.32,1.1564,28.467,0.7247,0.9615,0.5692,171.6
